time,ip
"Jun 6, 2017 12:00 AM",1.43.255.255
"Jun 6, 2017 1:00 AM",1.44.255.255
"Jun 6, 2017 2:00 AM",1.127.255.255
"Jun 6, 2017 3:00 AM",1.159.255.255
"Jun 6, 2017 4:00 AM",1.178.255.255
"Jun 6, 2017 5:00 AM",1.179.127.255
"Jun 6, 2017 6:00 AM",14.2.255.255
"Jun 6, 2017 7:00 AM",14.128.63.255
"Jun 6, 2017 8:00 AM",14.137.127.255
"Jun 6, 2017 9:00 AM",14.137.191.255
"Jun 6, 2017 10:00 AM",14.137.223.255
"Jun 6, 2017 11:00 AM",14.192.191.255
"Jun 6, 2017 12:00 PM",14.203.255.255
"Jun 6, 2017 1:00 PM",27.0.95.255
"Jun 6, 2017 2:00 PM",27.33.255.255
"Jun 6, 2017 3:00 PM",27.50.63.255
"Jun 6, 2017 4:00 PM",27.50.95.255
"Jun 6, 2017 5:00 PM",27.54.143.255
"Jun 6, 2017 6:00 PM",27.96.223.255
"Jun 6, 2017 7:00 PM",27.99.127.255
"Jun 6, 2017 8:00 PM",27.111.95.255
"Jun 6, 2017 9:00 PM",27.111.255.255
"Jun 6, 2017 10:00 PM",27.122.127.255
"Jun 6, 2017 11:00 PM",27.124.111.255
"Jun 7, 2017 12:00 AM",27.124.127.255
"Jun 7, 2017 1:00 AM",27.125.223.255
"Jun 7, 2017 2:00 AM",27.127.223.255
"Jun 7, 2017 3:00 AM",27.127.239.255
"Jun 7, 2017 4:00 AM",27.131.127.255
"Jun 7, 2017 5:00 AM",27.253.127.255
"Jun 7, 2017 6:00 AM",42.62.255.255
"Jun 7, 2017 7:00 AM",42.241.255.255
"Jun 7, 2017 8:00 AM",49.3.255.255
"Jun 7, 2017 9:00 AM",49.127.255.255
"Jun 7, 2017 10:00 AM",49.128.255.255
"Jun 7, 2017 11:00 AM",49.191.255.255
"Jun 7, 2017 12:00 PM",49.199.255.255
"Jun 7, 2017 1:00 PM",49.236.255.255
"Jun 7, 2017 2:00 PM",49.255.255.255
"Jun 7, 2017 3:00 PM",58.6.127.255
"Jun 7, 2017 4:00 PM",58.6.255.255
"Jun 7, 2017 5:00 PM",58.7.255.255
"Jun 7, 2017 6:00 PM",58.84.127.255
"Jun 7, 2017 7:00 PM",58.84.191.255
"Jun 7, 2017 8:00 PM",58.84.207.255
"Jun 7, 2017 9:00 PM",58.87.15.255
"Jun 7, 2017 10:00 PM",58.96.127.255
"Jun 7, 2017 11:00 PM",58.96.159.255
"Jun 8, 2017 12:00 AM",58.96.255.255
"Jun 8, 2017 1:00 AM",58.105.255.255
"Jun 8, 2017 2:00 AM",58.106.255.255
"Jun 8, 2017 3:00 AM",58.107.255.255
"Jun 8, 2017 4:00 AM",58.109.255.255
"Jun 8, 2017 5:00 AM",58.110.255.255
"Jun 8, 2017 6:00 AM",58.111.255.255
"Jun 8, 2017 7:00 AM",58.145.159.255
"Jun 8, 2017 8:00 AM",58.167.255.255
"Jun 8, 2017 9:00 AM",58.171.255.255
"Jun 8, 2017 10:00 AM",58.175.255.255
"Jun 8, 2017 11:00 AM",58.178.255.255
"Jun 8, 2017 12:00 PM",58.179.255.255
"Jun 8, 2017 1:00 PM",58.181.95.255
"Jun 8, 2017 2:00 PM",59.86.191.255
"Jun 8, 2017 3:00 PM",59.101.255.255
"Jun 8, 2017 4:00 PM",59.102.127.255
"Jun 8, 2017 5:00 PM",59.154.255.255
"Jun 8, 2017 6:00 PM",59.167.127.255
"Jun 8, 2017 7:00 PM",59.167.255.255
"Jun 8, 2017 8:00 PM",59.191.223.255
"Jun 8, 2017 9:00 PM",60.231.255.255
"Jun 8, 2017 10:00 PM",60.240.255.255
"Jun 8, 2017 11:00 PM",60.241.255.255
"Jun 9, 2017 12:00 AM",60.242.255.255
"Jun 9, 2017 1:00 AM",61.8.127.255
"Jun 9, 2017 2:00 AM",61.9.255.255
"Jun 9, 2017 3:00 AM",61.14.63.255
"Jun 9, 2017 4:00 AM",61.14.127.255
"Jun 9, 2017 5:00 AM",61.28.223.255
"Jun 9, 2017 6:00 AM",61.29.127.255
"Jun 9, 2017 7:00 AM",61.68.255.255
"Jun 9, 2017 8:00 AM",61.69.255.255
"Jun 9, 2017 9:00 AM",61.88.255.255
"Jun 9, 2017 10:00 AM",61.95.63.255
"Jun 9, 2017 11:00 AM",61.95.127.255
"Jun 9, 2017 12:00 PM",61.245.159.255
"Jun 9, 2017 1:00 PM",64.15.47.255
"Jun 9, 2017 2:00 PM",101.0.127.255
"Jun 9, 2017 3:00 PM",101.2.255.255
"Jun 9, 2017 4:00 PM",101.53.255.255
"Jun 9, 2017 5:00 PM",101.103.255.255
"Jun 9, 2017 6:00 PM",101.119.255.255
"Jun 9, 2017 7:00 PM",101.191.255.255
"Jun 9, 2017 8:00 PM",101.234.255.255
"Jun 9, 2017 9:00 PM",103.0.255.255
"Jun 9, 2017 10:00 PM",106.69.255.255
"Jun 9, 2017 11:00 PM",106.71.255.255
"Jun 10, 2017 12:00 AM",110.5.95.255
"Jun 10, 2017 1:00 AM",110.23.255.255
"Jun 10, 2017 2:00 AM",110.33.255.255
"Jun 10, 2017 3:00 AM",110.141.255.255
"Jun 10, 2017 4:00 AM",110.142.255.255
"Jun 10, 2017 5:00 AM",110.143.255.255
"Jun 10, 2017 6:00 AM",110.151.255.255
"Jun 10, 2017 7:00 AM",110.173.159.255
"Jun 10, 2017 8:00 AM",110.175.255.255
"Jun 10, 2017 9:00 AM",110.238.255.255
"Jun 10, 2017 10:00 AM",110.239.127.255
"Jun 10, 2017 11:00 AM",110.239.255.255
"Jun 10, 2017 12:00 PM",111.67.15.255
"Jun 10, 2017 1:00 PM",111.67.31.255
"Jun 10, 2017 2:00 PM",111.118.175.255
"Jun 10, 2017 3:00 PM",111.118.239.255
"Jun 10, 2017 4:00 PM",111.125.175.255
"Jun 10, 2017 5:00 PM",111.125.191.255
"Jun 10, 2017 6:00 PM",111.220.255.255
"Jun 10, 2017 7:00 PM",111.223.239.255
"Jun 10, 2017 8:00 PM",112.141.255.255
"Jun 10, 2017 9:00 PM",112.213.47.255
"Jun 10, 2017 10:00 PM",112.213.191.255
"Jun 10, 2017 11:00 PM",112.213.223.255
"Jun 11, 2017 12:00 AM",112.213.255.255
"Jun 11, 2017 1:00 AM",113.20.15.255
"Jun 11, 2017 2:00 AM",113.21.47.255
"Jun 11, 2017 3:00 AM",113.52.15.255
"Jun 11, 2017 4:00 AM",113.61.95.255
"Jun 11, 2017 5:00 AM",113.192.63.255
"Jun 11, 2017 6:00 AM",113.197.15.255
"Jun 11, 2017 7:00 AM",113.197.127.255
"Jun 11, 2017 8:00 AM",113.203.127.255
"Jun 11, 2017 9:00 AM",114.30.127.255
"Jun 11, 2017 10:00 AM",114.31.207.255
"Jun 11, 2017 11:00 AM",114.75.255.255
"Jun 11, 2017 12:00 PM",114.77.255.255
"Jun 11, 2017 1:00 PM",114.78.255.255
"Jun 11, 2017 2:00 PM",114.111.143.255
"Jun 11, 2017 3:00 PM",114.111.159.255
"Jun 11, 2017 4:00 PM",114.129.159.255
"Jun 11, 2017 5:00 PM",114.129.191.255
"Jun 11, 2017 6:00 PM",114.141.111.255
"Jun 11, 2017 7:00 PM",114.142.175.255
"Jun 11, 2017 8:00 PM",114.198.63.255
"Jun 11, 2017 9:00 PM",114.198.127.255
"Jun 11, 2017 10:00 PM",115.30.63.255
"Jun 11, 2017 11:00 PM",115.42.31.255
"Jun 12, 2017 12:00 AM",115.64.255.255
"Jun 12, 2017 1:00 AM",115.69.31.255
"Jun 12, 2017 2:00 AM",115.69.63.255
"Jun 12, 2017 3:00 AM",115.70.255.255
"Jun 12, 2017 4:00 AM",115.131.255.255
"Jun 12, 2017 5:00 AM",115.146.79.255
"Jun 12, 2017 6:00 AM",115.146.95.255
"Jun 12, 2017 7:00 AM",115.166.63.255
"Jun 12, 2017 8:00 AM",115.186.255.255
"Jun 12, 2017 9:00 AM",115.187.255.255
"Jun 12, 2017 10:00 AM",116.66.175.255
"Jun 12, 2017 11:00 AM",116.90.63.255
"Jun 12, 2017 12:00 PM",116.118.255.255
"Jun 12, 2017 1:00 PM",116.199.239.255
"Jun 12, 2017 2:00 PM",116.212.223.255
"Jun 12, 2017 3:00 PM",116.212.255.255
"Jun 12, 2017 4:00 PM",116.240.255.255
"Jun 12, 2017 5:00 PM",116.250.255.255
"Jun 12, 2017 6:00 PM",116.251.63.255
"Jun 12, 2017 7:00 PM",116.255.63.255
"Jun 12, 2017 8:00 PM",117.20.15.255
"Jun 12, 2017 9:00 PM",117.53.143.255
"Jun 12, 2017 10:00 PM",117.53.175.255
"Jun 12, 2017 11:00 PM",117.55.239.255
"Jun 13, 2017 12:00 AM",117.74.111.255
"Jun 13, 2017 1:00 AM",117.102.159.255
"Jun 13, 2017 2:00 AM",118.67.31.255
"Jun 13, 2017 3:00 AM",118.67.63.255
"Jun 13, 2017 4:00 AM",118.67.223.255
"Jun 13, 2017 5:00 AM",118.82.47.255
"Jun 13, 2017 6:00 AM",118.102.95.255
"Jun 13, 2017 7:00 AM",118.102.127.255
"Jun 13, 2017 8:00 AM",118.107.63.255
"Jun 13, 2017 9:00 AM",118.127.63.255
"Jun 13, 2017 10:00 AM",118.127.95.255
"Jun 13, 2017 11:00 AM",118.127.127.255
"Jun 13, 2017 12:00 PM",118.127.191.255
"Jun 13, 2017 1:00 PM",118.138.255.255
"Jun 13, 2017 2:00 PM",118.139.127.255
"Jun 13, 2017 3:00 PM",118.139.159.255
"Jun 13, 2017 4:00 PM",118.208.255.255
"Jun 13, 2017 5:00 PM",118.209.255.255
"Jun 13, 2017 6:00 PM",118.210.255.255
"Jun 13, 2017 7:00 PM",118.211.255.255
"Jun 13, 2017 8:00 PM",119.10.143.255
"Jun 13, 2017 9:00 PM",119.11.127.255
"Jun 13, 2017 10:00 PM",119.12.255.255
"Jun 13, 2017 11:00 PM",119.13.127.255
"Jun 14, 2017 12:00 AM",119.13.255.255
"Jun 14, 2017 1:00 AM",119.15.111.255
"Jun 14, 2017 2:00 AM",119.17.63.255
"Jun 14, 2017 3:00 AM",119.17.159.255
"Jun 14, 2017 4:00 AM",119.17.191.255
"Jun 14, 2017 5:00 AM",119.18.31.255
"Jun 14, 2017 6:00 AM",119.77.63.255
"Jun 14, 2017 7:00 AM",119.77.95.255
"Jun 14, 2017 8:00 AM",119.148.79.255
"Jun 14, 2017 9:00 AM",119.161.47.255
"Jun 14, 2017 10:00 AM",119.161.63.255
"Jun 14, 2017 11:00 AM",119.161.79.255
"Jun 14, 2017 12:00 PM",119.161.95.255
"Jun 14, 2017 1:00 PM",119.224.159.255
"Jun 14, 2017 2:00 PM",119.225.255.255
"Jun 14, 2017 3:00 PM",119.252.31.255
"Jun 14, 2017 4:00 PM",119.252.95.255
"Jun 14, 2017 5:00 PM",120.23.255.255
"Jun 14, 2017 6:00 PM",120.29.63.255
"Jun 14, 2017 7:00 PM",120.88.95.255
"Jun 14, 2017 8:00 PM",120.88.127.255
"Jun 14, 2017 9:00 PM",120.88.159.255
"Jun 14, 2017 10:00 PM",120.88.175.255
"Jun 14, 2017 11:00 PM",120.138.63.255
"Jun 15, 2017 12:00 AM",120.151.255.255
"Jun 15, 2017 1:00 AM",120.155.255.255
"Jun 15, 2017 2:00 AM",120.157.255.255
"Jun 15, 2017 3:00 AM",120.159.255.255
"Jun 15, 2017 4:00 AM",121.44.255.255
"Jun 15, 2017 5:00 AM",121.45.255.255
"Jun 15, 2017 6:00 AM",121.50.223.255
"Jun 15, 2017 7:00 AM",121.54.143.255
"Jun 15, 2017 8:00 AM",121.79.63.255
"Jun 15, 2017 9:00 AM",121.79.95.255
"Jun 15, 2017 10:00 AM",121.79.127.255
"Jun 15, 2017 11:00 AM",121.90.255.255
"Jun 15, 2017 12:00 PM",121.91.127.255
"Jun 15, 2017 1:00 PM",121.91.255.255
"Jun 15, 2017 2:00 PM",121.127.223.255
"Jun 15, 2017 3:00 PM",121.200.31.255
"Jun 15, 2017 4:00 PM",121.200.47.255
"Jun 15, 2017 5:00 PM",121.200.239.255
"Jun 15, 2017 6:00 PM",121.211.255.255
"Jun 15, 2017 7:00 PM",121.215.255.255
"Jun 15, 2017 8:00 PM",121.223.255.255
"Jun 15, 2017 9:00 PM",122.49.191.255
"Jun 15, 2017 10:00 PM",122.99.95.255
"Jun 15, 2017 11:00 PM",122.105.255.255
"Jun 16, 2017 12:00 AM",122.106.255.255
"Jun 16, 2017 1:00 AM",122.107.255.255
"Jun 16, 2017 2:00 AM",122.109.255.255
"Jun 16, 2017 3:00 AM",122.110.255.255
"Jun 16, 2017 4:00 AM",122.111.255.255
"Jun 16, 2017 5:00 AM",122.129.159.255
"Jun 16, 2017 6:00 AM",122.149.255.255
"Jun 16, 2017 7:00 AM",122.151.255.255
"Jun 16, 2017 8:00 AM",122.199.63.255
"Jun 16, 2017 9:00 AM",122.200.175.255
"Jun 16, 2017 10:00 AM",122.200.191.255
"Jun 16, 2017 11:00 AM",122.201.95.255
"Jun 16, 2017 12:00 PM",122.201.127.255
"Jun 16, 2017 1:00 PM",122.202.15.255
"Jun 16, 2017 2:00 PM",122.202.79.255
"Jun 16, 2017 3:00 PM",122.202.95.255
"Jun 16, 2017 4:00 PM",123.2.255.255
"Jun 16, 2017 5:00 PM",123.3.255.255
"Jun 16, 2017 6:00 PM",123.50.159.255
"Jun 16, 2017 7:00 PM",123.51.127.255
"Jun 16, 2017 8:00 PM",123.98.143.255
"Jun 16, 2017 9:00 PM",123.100.63.255
"Jun 16, 2017 10:00 PM",123.100.127.255
"Jun 16, 2017 11:00 PM",123.100.159.255
"Jun 17, 2017 12:00 AM",123.102.255.255
"Jun 17, 2017 1:00 AM",123.103.223.255
"Jun 17, 2017 2:00 AM",123.108.95.255
"Jun 17, 2017 3:00 AM",123.136.47.255
"Jun 17, 2017 4:00 AM",123.136.63.255
"Jun 17, 2017 5:00 AM",123.200.191.255
"Jun 17, 2017 6:00 AM",123.200.255.255
"Jun 17, 2017 7:00 AM",123.211.255.255
"Jun 17, 2017 8:00 AM",123.243.255.255
"Jun 17, 2017 9:00 AM",123.254.127.255
"Jun 17, 2017 10:00 AM",124.19.63.255
"Jun 17, 2017 11:00 AM",124.19.127.255
"Jun 17, 2017 12:00 PM",124.47.191.255
"Jun 17, 2017 1:00 PM",124.109.95.255
"Jun 17, 2017 2:00 PM",124.149.255.255
"Jun 17, 2017 3:00 PM",124.150.127.255
"Jun 17, 2017 4:00 PM",124.168.255.255
"Jun 17, 2017 5:00 PM",124.169.255.255
"Jun 17, 2017 6:00 PM",124.171.255.255
"Jun 17, 2017 7:00 PM",124.179.255.255
"Jun 17, 2017 8:00 PM",124.183.255.255
"Jun 17, 2017 9:00 PM",124.187.255.255
"Jun 17, 2017 10:00 PM",124.191.255.255
"Jun 17, 2017 11:00 PM",124.198.191.255
"Jun 18, 2017 12:00 AM",124.198.255.255
"Jun 18, 2017 1:00 AM",124.243.159.255
"Jun 18, 2017 2:00 AM",124.243.191.255
"Jun 18, 2017 3:00 AM",124.246.63.255
"Jun 18, 2017 4:00 AM",124.252.255.255
"Jun 18, 2017 5:00 AM",124.254.95.255
"Jun 18, 2017 6:00 AM",124.254.127.255
"Jun 18, 2017 7:00 AM",125.7.63.255
"Jun 18, 2017 8:00 AM",125.7.95.255
"Jun 18, 2017 9:00 AM",125.7.127.255
"Jun 18, 2017 10:00 AM",125.62.95.255
"Jun 18, 2017 11:00 AM",125.63.31.255
"Jun 18, 2017 12:00 PM",125.63.63.255
"Jun 18, 2017 1:00 PM",125.63.191.255
"Jun 18, 2017 2:00 PM",125.63.255.255
"Jun 18, 2017 3:00 PM",125.168.255.255
"Jun 18, 2017 4:00 PM",125.209.191.255
"Jun 18, 2017 5:00 PM",125.213.191.255
"Jun 18, 2017 6:00 PM",125.253.63.255
"Jun 18, 2017 7:00 PM",125.253.79.255
"Jun 18, 2017 8:00 PM",125.253.111.255
"Jun 18, 2017 9:00 PM",125.254.31.255
"Jun 18, 2017 10:00 PM",125.254.47.255
"Jun 18, 2017 11:00 PM",125.254.95.255
"Jun 19, 2017 12:00 AM",125.254.127.255
"Jun 19, 2017 1:00 AM",128.184.255.255
"Jun 19, 2017 2:00 AM",128.250.255.255
"Jun 19, 2017 3:00 AM",129.78.255.255
"Jun 19, 2017 4:00 AM",129.94.255.255
"Jun 19, 2017 5:00 AM",129.96.255.255
"Jun 19, 2017 6:00 AM",129.127.255.255
"Jun 19, 2017 7:00 AM",129.180.255.255
"Jun 19, 2017 8:00 AM",130.56.255.255
"Jun 19, 2017 9:00 AM",130.95.255.255
"Jun 19, 2017 10:00 AM",130.102.255.255
"Jun 19, 2017 11:00 AM",130.116.255.255
"Jun 19, 2017 12:00 PM",130.130.255.255
"Jun 19, 2017 1:00 PM",130.155.255.255
"Jun 19, 2017 2:00 PM",130.194.255.255
"Jun 19, 2017 3:00 PM",130.220.255.255
"Jun 19, 2017 4:00 PM",131.170.255.255
"Jun 19, 2017 5:00 PM",131.172.255.255
"Jun 19, 2017 6:00 PM",131.181.255.255
"Jun 19, 2017 7:00 PM",131.185.255.255
"Jun 19, 2017 8:00 PM",131.203.255.255
"Jun 19, 2017 9:00 PM",131.217.255.255
"Jun 19, 2017 10:00 PM",131.236.255.255
"Jun 19, 2017 11:00 PM",131.242.255.255
"Jun 20, 2017 12:00 AM",131.244.255.255
"Jun 20, 2017 1:00 AM",131.245.255.255
"Jun 20, 2017 2:00 AM",132.234.255.255
"Jun 20, 2017 3:00 AM",134.7.255.255
"Jun 20, 2017 4:00 AM",134.18.255.255
"Jun 20, 2017 5:00 AM",134.115.255.255
"Jun 20, 2017 6:00 AM",134.144.255.255
"Jun 20, 2017 7:00 AM",134.148.255.255
"Jun 20, 2017 8:00 AM",134.178.255.255
"Jun 20, 2017 9:00 AM",134.211.255.255
"Jun 20, 2017 10:00 AM",136.153.255.255
"Jun 20, 2017 11:00 AM",136.154.255.255
"Jun 20, 2017 12:00 PM",136.186.255.255
"Jun 20, 2017 1:00 PM",137.76.255.255
"Jun 20, 2017 2:00 PM",137.92.255.255
"Jun 20, 2017 3:00 PM",137.109.255.255
"Jun 20, 2017 4:00 PM",137.111.255.255
"Jun 20, 2017 5:00 PM",137.147.255.255
"Jun 20, 2017 6:00 PM",137.154.255.255
"Jun 20, 2017 7:00 PM",137.157.255.255
"Jun 20, 2017 8:00 PM",137.166.255.255
"Jun 20, 2017 9:00 PM",137.172.255.255
"Jun 20, 2017 10:00 PM",137.219.255.255
"Jun 20, 2017 11:00 PM",138.7.255.255
"Jun 21, 2017 12:00 AM",138.19.255.255
"Jun 21, 2017 1:00 AM",138.24.255.255
"Jun 21, 2017 2:00 AM",138.25.255.255
"Jun 21, 2017 3:00 AM",138.44.255.255
"Jun 21, 2017 4:00 AM",138.71.255.255
"Jun 21, 2017 5:00 AM",138.77.255.255
"Jun 21, 2017 6:00 AM",138.79.255.255
"Jun 21, 2017 7:00 AM",138.80.255.255
"Jun 21, 2017 8:00 AM",138.130.255.255
"Jun 21, 2017 9:00 AM",138.194.255.255
"Jun 21, 2017 10:00 AM",138.217.255.255
"Jun 21, 2017 11:00 AM",139.44.255.255
"Jun 21, 2017 12:00 PM",139.59.255.255
"Jun 21, 2017 1:00 PM",139.86.255.255
"Jun 21, 2017 2:00 PM",139.130.255.255
"Jun 21, 2017 3:00 PM",139.132.255.255
"Jun 21, 2017 4:00 PM",139.134.255.255
"Jun 21, 2017 5:00 PM",139.163.255.255
"Jun 21, 2017 6:00 PM",139.168.255.255
"Jun 21, 2017 7:00 PM",139.188.255.255
"Jun 21, 2017 8:00 PM",139.216.255.255
"Jun 21, 2017 9:00 PM",139.218.255.255
"Jun 21, 2017 10:00 PM",139.230.255.255
"Jun 21, 2017 11:00 PM",140.79.255.255
"Jun 22, 2017 12:00 AM",140.83.255.255
"Jun 22, 2017 1:00 AM",140.159.255.255
"Jun 22, 2017 2:00 AM",140.168.255.255
"Jun 22, 2017 3:00 AM",140.253.255.255
"Jun 22, 2017 4:00 AM",141.120.255.255
"Jun 22, 2017 5:00 AM",141.132.255.255
"Jun 22, 2017 6:00 AM",141.168.255.255
"Jun 22, 2017 7:00 AM",141.243.255.255
"Jun 22, 2017 8:00 AM",143.92.255.255
"Jun 22, 2017 9:00 AM",143.119.255.255
"Jun 22, 2017 10:00 AM",143.174.255.255
"Jun 22, 2017 11:00 AM",143.188.255.255
"Jun 22, 2017 12:00 PM",143.189.255.255
"Jun 22, 2017 1:00 PM",143.216.255.255
"Jun 22, 2017 2:00 PM",143.218.255.255
"Jun 22, 2017 3:00 PM",143.238.255.255
"Jun 22, 2017 4:00 PM",144.6.255.255
"Jun 22, 2017 5:00 PM",144.53.255.255
"Jun 22, 2017 6:00 PM",144.55.255.255
"Jun 22, 2017 7:00 PM",144.97.255.255
"Jun 22, 2017 8:00 PM",144.110.255.255
"Jun 22, 2017 9:00 PM",144.130.255.255
"Jun 22, 2017 10:00 PM",144.131.255.255
"Jun 22, 2017 11:00 PM",144.132.255.255
"Jun 23, 2017 12:00 AM",144.133.255.255
"Jun 23, 2017 1:00 AM",144.134.255.255
"Jun 23, 2017 2:00 AM",144.135.255.255
"Jun 23, 2017 3:00 AM",144.136.255.255
"Jun 23, 2017 4:00 AM",144.137.255.255
"Jun 23, 2017 5:00 AM",144.138.255.255
"Jun 23, 2017 6:00 AM",144.139.255.255
"Jun 23, 2017 7:00 AM",144.140.255.255
"Jun 23, 2017 8:00 AM",144.205.255.255
"Jun 23, 2017 9:00 AM",146.11.255.255
"Jun 23, 2017 10:00 AM",146.116.255.255
"Jun 23, 2017 11:00 AM",146.118.255.255
"Jun 23, 2017 12:00 PM",146.178.255.255
"Jun 23, 2017 1:00 PM",146.195.255.255
"Jun 23, 2017 2:00 PM",146.196.31.255
"Jun 23, 2017 3:00 PM",146.221.255.255
"Jun 23, 2017 4:00 PM",147.10.255.255
"Jun 23, 2017 5:00 PM",147.41.255.255
"Jun 23, 2017 6:00 PM",147.66.255.255
"Jun 23, 2017 7:00 PM",147.69.255.255
"Jun 23, 2017 8:00 PM",147.76.255.255
"Jun 23, 2017 9:00 PM",147.109.255.255
"Jun 23, 2017 10:00 PM",147.132.255.255
"Jun 23, 2017 11:00 PM",147.200.255.255
"Jun 24, 2017 12:00 AM",147.209.255.255
"Jun 24, 2017 1:00 AM",147.211.255.255
"Jun 24, 2017 2:00 AM",148.145.255.255
"Jun 24, 2017 3:00 AM",148.182.255.255
"Jun 24, 2017 4:00 AM",148.195.255.255
"Jun 24, 2017 5:00 AM",149.135.255.255
"Jun 24, 2017 6:00 AM",149.144.255.255
"Jun 24, 2017 7:00 AM",149.167.255.255
"Jun 24, 2017 8:00 AM",149.171.255.255
"Jun 24, 2017 9:00 AM",149.176.255.255
"Jun 24, 2017 10:00 AM",150.101.255.255
"Jun 24, 2017 11:00 AM",150.151.255.255
"Jun 24, 2017 12:00 PM",150.173.255.255
"Jun 24, 2017 1:00 PM",150.191.255.255
"Jun 24, 2017 2:00 PM",150.203.255.255
"Jun 24, 2017 3:00 PM",150.207.255.255
"Jun 24, 2017 4:00 PM",150.229.255.255
"Jun 24, 2017 5:00 PM",151.130.255.255
"Jun 24, 2017 6:00 PM",151.178.255.255
"Jun 24, 2017 7:00 PM",152.76.255.255
"Jun 24, 2017 8:00 PM",152.83.255.255
"Jun 24, 2017 9:00 PM",152.91.255.255
"Jun 24, 2017 10:00 PM",152.98.255.255
"Jun 24, 2017 11:00 PM",152.147.255.255
"Jun 25, 2017 12:00 AM",153.107.255.255
"Jun 25, 2017 1:00 AM",155.60.255.255
"Jun 25, 2017 2:00 AM",155.71.255.255
"Jun 25, 2017 3:00 AM",155.143.255.255
"Jun 25, 2017 4:00 AM",155.144.255.255
"Jun 25, 2017 5:00 AM",155.187.255.255
"Jun 25, 2017 6:00 AM",155.205.255.255
"Jun 25, 2017 7:00 AM",156.22.255.255
"Jun 25, 2017 8:00 AM",156.50.255.255
"Jun 25, 2017 9:00 AM",157.85.255.255
"Jun 25, 2017 10:00 AM",157.128.255.255
"Jun 25, 2017 11:00 AM",157.155.255.255
"Jun 25, 2017 12:00 PM",157.211.255.255
"Jun 25, 2017 1:00 PM",157.227.255.255
"Jun 25, 2017 2:00 PM",158.40.255.255
"Jun 25, 2017 3:00 PM",158.45.255.255
"Jun 25, 2017 4:00 PM",158.54.255.255
"Jun 25, 2017 5:00 PM",158.89.255.255
"Jun 25, 2017 6:00 PM",159.13.255.255
"Jun 25, 2017 7:00 PM",159.52.255.255
"Jun 25, 2017 8:00 PM",159.73.255.255
"Jun 25, 2017 9:00 PM",159.111.255.255
"Jun 25, 2017 10:00 PM",159.196.255.255
"Jun 25, 2017 11:00 PM",159.207.255.255
"Jun 26, 2017 12:00 AM",159.248.255.255
"Jun 26, 2017 1:00 AM",160.64.255.255
"Jun 26, 2017 2:00 AM",160.206.255.255
"Jun 26, 2017 3:00 AM",160.222.255.255
"Jun 26, 2017 4:00 AM",161.29.255.255
"Jun 26, 2017 5:00 AM",161.43.255.255
"Jun 26, 2017 6:00 AM",161.50.255.255
"Jun 26, 2017 7:00 AM",161.65.31.255
"Jun 26, 2017 8:00 AM",161.65.127.255
"Jun 26, 2017 9:00 AM",161.65.159.255
"Jun 26, 2017 10:00 AM",161.65.255.255
"Jun 26, 2017 11:00 AM",161.117.255.255
"Jun 26, 2017 12:00 PM",161.143.255.255
"Jun 26, 2017 1:00 PM",161.146.255.255
"Jun 26, 2017 2:00 PM",161.152.255.255
"Jun 26, 2017 3:00 PM",162.145.255.255
"Jun 26, 2017 4:00 PM",162.146.255.255
"Jun 26, 2017 5:00 PM",162.147.255.255
"Jun 26, 2017 6:00 PM",163.8.255.255
"Jun 26, 2017 7:00 PM",163.122.255.255
"Jun 26, 2017 8:00 PM",163.189.255.255
"Jun 26, 2017 9:00 PM",163.232.255.255
"Jun 26, 2017 10:00 PM",163.233.255.255
"Jun 26, 2017 11:00 PM",164.53.255.255
"Jun 27, 2017 12:00 AM",164.75.255.255
"Jun 27, 2017 1:00 AM",164.80.255.255
"Jun 27, 2017 2:00 AM",164.97.255.255
"Jun 27, 2017 3:00 AM",164.108.255.255
"Jun 27, 2017 4:00 AM",164.112.255.255
"Jun 27, 2017 5:00 AM",165.12.255.255
"Jun 27, 2017 6:00 AM",165.31.255.255
"Jun 27, 2017 7:00 AM",165.69.255.255
"Jun 27, 2017 8:00 AM",165.86.255.255
"Jun 27, 2017 9:00 AM",165.118.255.255
"Jun 27, 2017 10:00 AM",165.142.255.255
"Jun 27, 2017 11:00 AM",165.187.255.255
"Jun 27, 2017 12:00 PM",165.191.255.255
"Jun 27, 2017 1:00 PM",165.228.255.255
"Jun 27, 2017 2:00 PM",165.240.255.255
"Jun 27, 2017 3:00 PM",166.64.255.255
"Jun 27, 2017 4:00 PM",166.120.255.255
"Jun 27, 2017 5:00 PM",167.30.255.255
"Jun 27, 2017 6:00 PM",167.103.255.255
"Jun 27, 2017 7:00 PM",167.123.255.255
"Jun 27, 2017 8:00 PM",167.130.255.255
"Jun 27, 2017 9:00 PM",167.162.255.255
"Jun 27, 2017 10:00 PM",168.130.255.255
"Jun 27, 2017 11:00 PM",168.132.255.255
"Jun 28, 2017 12:00 AM",168.134.255.255
"Jun 28, 2017 1:00 AM",168.140.255.255
"Jun 28, 2017 2:00 AM",168.152.255.255
"Jun 28, 2017 3:00 AM",168.153.255.255
"Jun 28, 2017 4:00 AM",168.186.255.255
"Jun 28, 2017 5:00 AM",168.198.255.255
"Jun 28, 2017 6:00 AM",168.217.255.255
"Jun 28, 2017 7:00 AM",168.252.255.255
"Jun 28, 2017 8:00 AM",170.157.255.255
"Jun 28, 2017 9:00 AM",172.199.255.255
"Jun 28, 2017 10:00 AM",175.39.255.255
"Jun 28, 2017 11:00 AM",175.45.127.255
"Jun 28, 2017 12:00 PM",175.45.159.255
"Jun 28, 2017 1:00 PM",175.103.31.255
"Jun 28, 2017 2:00 PM",175.107.191.255
"Jun 28, 2017 3:00 PM",175.184.223.255
"Jun 28, 2017 4:00 PM",180.95.127.255
"Jun 28, 2017 5:00 PM",180.148.95.255
"Jun 28, 2017 6:00 PM",180.148.127.255
"Jun 28, 2017 7:00 PM",180.150.127.255
"Jun 28, 2017 8:00 PM",180.181.127.255
"Jun 28, 2017 9:00 PM",180.181.159.255
"Jun 28, 2017 10:00 PM",180.181.191.255
"Jun 28, 2017 11:00 PM",180.181.255.255
"Jun 29, 2017 12:00 AM",180.189.31.255
"Jun 29, 2017 1:00 AM",180.200.191.255
"Jun 29, 2017 2:00 AM",180.200.223.255
"Jun 29, 2017 3:00 AM",180.214.95.255
"Jun 29, 2017 4:00 AM",180.216.255.255
"Jun 29, 2017 5:00 AM",180.222.31.255
"Jun 29, 2017 6:00 AM",180.235.223.255
"Jun 29, 2017 7:00 AM",182.160.191.255
"Jun 29, 2017 8:00 AM",182.239.255.255
"Jun 29, 2017 9:00 AM",182.255.95.255
"Jun 29, 2017 10:00 AM",182.255.127.255
"Jun 29, 2017 11:00 AM",192.74.159.255
"Jun 29, 2017 12:00 PM",192.74.191.255
"Jun 29, 2017 1:00 PM",192.74.207.255
"Jun 29, 2017 2:00 PM",192.148.159.255
"Jun 29, 2017 3:00 PM",192.199.47.255
"Jun 29, 2017 4:00 PM",198.15.47.255
"Jun 29, 2017 5:00 PM",198.142.255.255
"Jun 29, 2017 6:00 PM",202.0.15.255
"Jun 29, 2017 7:00 PM",202.0.255.255
"Jun 29, 2017 8:00 PM",202.1.31.255
"Jun 29, 2017 9:00 PM",202.2.31.255
"Jun 29, 2017 10:00 PM",202.3.111.255
"Jun 29, 2017 11:00 PM",202.3.207.255
"Jun 30, 2017 12:00 AM",202.4.95.255
"Jun 30, 2017 1:00 AM",202.4.239.255
"Jun 30, 2017 2:00 AM",202.5.127.255
"Jun 30, 2017 3:00 AM",202.5.175.255
"Jun 30, 2017 4:00 AM",202.5.191.255
"Jun 30, 2017 5:00 AM",202.6.63.255
"Jun 30, 2017 6:00 AM",202.6.143.255
"Jun 30, 2017 7:00 AM",202.6.159.255
"Jun 30, 2017 8:00 AM",202.7.159.255
"Jun 30, 2017 9:00 AM",202.7.191.255
"Jun 30, 2017 10:00 AM",202.7.223.255
"Jun 30, 2017 11:00 AM",202.7.255.255
"Jun 30, 2017 12:00 PM",202.9.15.255
"Jun 30, 2017 1:00 PM",202.9.31.255
"Jun 30, 2017 2:00 PM",202.10.31.255
"Jun 30, 2017 3:00 PM",202.10.159.255
"Jun 30, 2017 4:00 PM",202.10.191.255
"Jun 30, 2017 5:00 PM",202.10.223.255
"Jun 30, 2017 6:00 PM",202.10.255.255
"Jun 30, 2017 7:00 PM",202.12.63.255
"Jun 30, 2017 8:00 PM",202.12.191.255
"Jun 30, 2017 9:00 PM",202.12.223.255
"Jun 30, 2017 10:00 PM",202.12.239.255
"Jun 30, 2017 11:00 PM",202.20.31.255
"Jul 1, 2017 12:00 AM",202.43.143.255
"Jul 1, 2017 1:00 AM",202.44.191.255
"Jul 1, 2017 2:00 AM",202.45.127.255
"Jul 1, 2017 3:00 AM",202.47.63.255
"Jul 1, 2017 4:00 AM",202.51.175.255
"Jul 1, 2017 5:00 AM",202.53.63.255
"Jul 1, 2017 6:00 AM",202.53.191.255
"Jul 1, 2017 7:00 AM",202.53.207.255
"Jul 1, 2017 8:00 AM",202.55.159.255
"Jul 1, 2017 9:00 AM",202.58.63.255
"Jul 1, 2017 10:00 AM",202.59.31.255
"Jul 1, 2017 11:00 AM",202.59.63.255
"Jul 1, 2017 12:00 PM",202.59.111.255
"Jul 1, 2017 1:00 PM",202.60.79.255
"Jul 1, 2017 2:00 PM",202.60.95.255
"Jul 1, 2017 3:00 PM",202.61.255.255
"Jul 1, 2017 4:00 PM",202.62.63.255
"Jul 1, 2017 5:00 PM",202.62.159.255
"Jul 1, 2017 6:00 PM",202.63.47.255
"Jul 1, 2017 7:00 PM",202.63.63.255
"Jul 1, 2017 8:00 PM",202.63.79.255
"Jul 1, 2017 9:00 PM",202.65.31.255
"Jul 1, 2017 10:00 PM",202.65.95.255
"Jul 1, 2017 11:00 PM",202.67.127.255
"Jul 2, 2017 12:00 AM",202.68.79.255
"Jul 2, 2017 1:00 AM",202.68.127.255
"Jul 2, 2017 2:00 AM",202.68.175.255
"Jul 2, 2017 3:00 AM",202.69.223.255
"Jul 2, 2017 4:00 AM",202.71.175.255
"Jul 2, 2017 5:00 AM",202.72.159.255
"Jul 2, 2017 6:00 AM",202.72.191.255
"Jul 2, 2017 7:00 AM",202.73.159.255
"Jul 2, 2017 8:00 AM",202.74.159.255
"Jul 2, 2017 9:00 AM",202.74.175.255
"Jul 2, 2017 10:00 AM",202.74.191.255
"Jul 2, 2017 11:00 AM",202.76.159.255
"Jul 2, 2017 12:00 PM",202.76.191.255
"Jul 2, 2017 1:00 PM",202.78.47.255
"Jul 2, 2017 2:00 PM",202.79.175.255
"Jul 2, 2017 3:00 PM",202.80.95.255
"Jul 2, 2017 4:00 PM",202.81.79.255
"Jul 2, 2017 5:00 PM",202.81.127.255
"Jul 2, 2017 6:00 PM",202.81.223.255
"Jul 2, 2017 7:00 PM",202.83.95.255
"Jul 2, 2017 8:00 PM",202.86.47.255
"Jul 2, 2017 9:00 PM",202.87.31.255
"Jul 2, 2017 10:00 PM",202.87.175.255
"Jul 2, 2017 11:00 PM",202.89.63.255
"Jul 3, 2017 12:00 AM",202.89.175.255
"Jul 3, 2017 1:00 AM",202.89.191.255
"Jul 3, 2017 2:00 AM",202.90.175.255
"Jul 3, 2017 3:00 AM",202.91.207.255
"Jul 3, 2017 4:00 AM",202.92.47.255
"Jul 3, 2017 5:00 AM",202.92.95.255
"Jul 3, 2017 6:00 AM",202.92.127.255
"Jul 3, 2017 7:00 AM",202.93.111.255
"Jul 3, 2017 8:00 AM",202.93.175.255
"Jul 3, 2017 9:00 AM",202.93.191.255
"Jul 3, 2017 10:00 AM",202.94.47.255
"Jul 3, 2017 11:00 AM",202.124.47.255
"Jul 3, 2017 12:00 PM",202.124.79.255
"Jul 3, 2017 1:00 PM",202.124.95.255
"Jul 3, 2017 2:00 PM",202.125.47.255
"Jul 3, 2017 3:00 PM",202.126.111.255
"Jul 3, 2017 4:00 PM",202.128.127.255
"Jul 3, 2017 5:00 PM",202.129.79.255
"Jul 3, 2017 6:00 PM",202.129.95.255
"Jul 3, 2017 7:00 PM",202.129.127.255
"Jul 3, 2017 8:00 PM",202.129.159.255
"Jul 3, 2017 9:00 PM",202.134.47.255
"Jul 3, 2017 10:00 PM",202.134.255.255
"Jul 3, 2017 11:00 PM",202.136.47.255
"Jul 4, 2017 12:00 AM",202.136.111.255
"Jul 4, 2017 1:00 AM",202.137.95.255
"Jul 4, 2017 2:00 AM",202.137.111.255
"Jul 4, 2017 3:00 AM",202.137.175.255
"Jul 4, 2017 4:00 AM",202.138.15.255
"Jul 4, 2017 5:00 AM",202.138.31.255
"Jul 4, 2017 6:00 AM",202.138.63.255
"Jul 4, 2017 7:00 AM",202.138.79.255
"Jul 4, 2017 8:00 AM",202.138.207.255
"Jul 4, 2017 9:00 AM",202.138.223.255
"Jul 4, 2017 10:00 AM",202.139.31.255
"Jul 4, 2017 11:00 AM",202.139.63.255
"Jul 4, 2017 12:00 PM",202.139.127.255
"Jul 4, 2017 1:00 PM",202.139.191.255
"Jul 4, 2017 2:00 PM",202.139.255.255
"Jul 4, 2017 3:00 PM",202.140.255.255
"Jul 4, 2017 4:00 PM",202.142.63.255
"Jul 4, 2017 5:00 PM",202.142.143.255
"Jul 4, 2017 6:00 PM",202.144.175.255
"Jul 4, 2017 7:00 PM",202.147.127.255
"Jul 4, 2017 8:00 PM",202.147.143.255
"Jul 4, 2017 9:00 PM",202.148.159.255
"Jul 4, 2017 10:00 PM",202.148.239.255
"Jul 4, 2017 11:00 PM",202.153.79.255
"Jul 5, 2017 12:00 AM",202.154.79.255
"Jul 5, 2017 1:00 AM",202.154.95.255
"Jul 5, 2017 2:00 AM",202.154.127.255
"Jul 5, 2017 3:00 AM",202.155.175.255
"Jul 5, 2017 4:00 AM",202.155.191.255
"Jul 5, 2017 5:00 AM",202.158.207.255
"Jul 5, 2017 6:00 AM",202.158.223.255
"Jul 5, 2017 7:00 AM",202.159.191.255
"Jul 5, 2017 8:00 AM",202.160.111.255
"Jul 5, 2017 9:00 AM",202.161.31.255
"Jul 5, 2017 10:00 AM",202.161.79.255
"Jul 5, 2017 11:00 AM",202.161.95.255
"Jul 5, 2017 12:00 PM",202.161.127.255
"Jul 5, 2017 1:00 PM",202.162.111.255
"Jul 5, 2017 2:00 PM",202.164.207.255
"Jul 5, 2017 3:00 PM",202.165.95.255
"Jul 5, 2017 4:00 PM",202.168.31.255
"Jul 5, 2017 5:00 PM",202.168.63.255
"Jul 5, 2017 6:00 PM",202.168.127.255
"Jul 5, 2017 7:00 PM",202.169.127.255
"Jul 5, 2017 8:00 PM",202.171.111.255
"Jul 5, 2017 9:00 PM",202.171.175.255
"Jul 5, 2017 10:00 PM",202.171.191.255
"Jul 5, 2017 11:00 PM",202.172.127.255
